WKT,osm_id,name,access,access.conditional,addr.city,addr.city.simc,addr.country,addr.door,addr.housename,addr.housenumber,addr.postcode,addr.street,amenity,artwork_subject,artwork_type,barrier,bicycle,board_type,camera.mount,check_date,contact.email,contact.facebook,contact.fax,contact.phone,contact.website,defibrillator.location,defibrillator.location.en,denomination,description,door,ele,ele.msl,ele.source,email,emergency,entrance,fax,fixme,foot,grades,height,highway,historic,horse,image,indoor,information,isced.level,lamp_mount,level,loc_name,locked,man_made,material,maxwidth.physical,memorial,min_age,mobile,motor_vehicle,motorcar,motorcycle,name.en,name.etymology.wikidata,name.pl,note,note.access,official_name,old_name,opening_hours,operator,operator.en,operator.pl,operator.type,operator.website,operator.wikidata,outdoor,parking,phone,ref.regon,ref.rspo,ref.vatin,religion,short_name,source,source.addr,support,surveillance.type,tourism,website,wheelchair,wikidata,wikimedia_commons,wikipedia,nazwa_dzie,cluster
"POINT (20.9763212 52.2742302)","1804988336",Szkoła Podstawowa Specjalna nr 155,,,,,,,,,,,school,,,,,,,,,,,,,,,,,,,,,edarka@edu.um.warszawa.pl,,,,,,,,,,,,,,"1;2",,,,,,,,,,,,,,,,,Parent RSPO: 14783,,Szkoła Podstawowa Specjalna nr 155,,,Miasto Stołeczne Warszawa,,,government,,,,,+48 228332205,"000967512","105332",,,,,,,,,https://www.sosw9.waw.pl/,,,,,Żoliborz,1
"POINT (20.976889 52.2658654)","3619853800",Publiczna Szkoła Podstawowa Sióstr Zmartwychwstanek,,,,,,,,,,,school,,,,,,,2025-01-06,,,,,,,,,,,,,,szkola@szarotka.edu.pl,,,,,,"1-8,9-12",,,,,,,,"1;2",,,,,,,,,,,,,,,,,,,Publiczna Szkoła Podstawowa Sióstr Zmartwychwstanek im. Bł. S.alicji Kotowskiej,,,"Zg.ss.zmartwychwstania Pańskiego,Prowincja Warszawska",,,religious,,,,,+48 226638777,"380077650","267304",,,,,,,,,http://www.szarotka.edu.pl,,,,,Żoliborz,2
"POINT (20.9625368 52.2590162)","10237685988","Szkoła Podstawowa ""Szkoła w Chmurze""",,,,,,,,,,,school,,,,,,,,,,,,,,,,,,,,,kontakt@szkolawchmurze.org,,,,,,,,,,,,,,"1;2",,,,,,,,,,,,,,,,,,,"Szkoła Podstawowa ""Szkoła w Chmurze""",,,Szkoła W Chmurze Spółka Z Ograniczoną Odpowiedzialnością,,,private,,,,,+48 605035629,"365337538","131706",,,,,,,,,,,,,,Żoliborz,3
"POINT (21.0679836 52.2255044)","7813600063","""Wonderful Years School"" Prywatna Szkoła Podstawowa",,,,,,,,,,,school,,,,,,,,,,,,,,,,Prywatna szkoła podstawowa,,,,,edukacjawys@op.pl,,,,,,,,,,,,,,"1;2",,,,,,,,,,,,,,,,,,,"""Wonderful Years School"" Prywatna Szkoła Podstawowa",,,Anna Künstle,,,private,,,,,+48 226720807,"146407620","80253",,,,,,,,,http://www.wonderfulyearsschool.pl,,,,,Praga-Południe,4
"POINT (21.087391 52.2274545)","8925793381",Szkoła Podstawowa nr 375,,,,,,,,,,,school,,,,,,,,,,,,,,,,,,,,,sp375@edu.um.warszawa.pl,,,,,,,,,,,,,,"1;2",,,,,,,,,,,,,,,,,,,Szkoła Podstawowa nr 375 im. Orląt Lwowskich,,,Praga-Południe,,,government,,,,,+48 226710842,"367999108","262234",,,,,,,,,http://sp375.edupage.org,,,,,Praga-Południe,5
"POINT (21.055998 52.2479764)","9628291666",Szkoła Podstawowa nr 224 dla Dorosłych,,,,,,,,,,,school,,,,,,,,,,,,,,,,,,,,,cku5@edu.um.warszawa.pl,,,,,,,,,,,,,,"1;2",,,,,,,,,,,,,,,,,Parent RSPO: 115158,,Szkoła Podstawowa nr 224 dla Dorosłych,,,Praga-Południe,,,government,,,,,+48 228187021,"015807515","122233",PL1132501840,,,,,,,,https://www.cku.waw.pl/,,,,,Praga-Południe,6
"POINT (21.0598829 52.248898)","9629109855",Korczak. Szkoła Podstawowa Montessori,,,,,,,,,,,school,,,,,,,,,,,,,,,,,,,,,info@spkorczak.edu.pl,,,,,,,,,,,,,,"1;2",,,,,,,,,,,,,,,,,,,Korczak. Szkoła Podstawowa Montessori,,,Laboratorium Montessori Spółka Z Ograniczoną Odpowiedzialnością,,,private,,,,,,"368111734","263162",,,,,,,,,https://spkorczak.edu.pl/,,,,,Praga-Południe,7
"POINT (21.0625064 52.2346432)","9629329516",Szkoła Podstawowa Specjalna nr 282,,,,,,,,,,,school,,,,,,,,,,,,,,,,,,,,,dyrektor@nieklanska.edu.pl,,,,,,,,,,,,,,"1;2",,,,,,,,,,,,,,,,,,,Szkoła Podstawowa Specjalna nr 282 w Samodzielnym Zespole Publicznych Zakładów Opieki Zdrowotnej im. Prof. Dr. Jana Bogdanowicza,,,Miasto Stołeczne Warszawa,,,government,,,,,+48 225098256,"017295002","106320",,,,,,,,,http://nieklanska.edu.pl,,,,,Praga-Południe,8
"POINT (21.093855 52.2465112)","9631543569",Szkoła Podstawowa Specjalna nr 348,,,,,,,,,,,school,,,,,,,,,,,,,,,,,,,,,mos7@mos7.edu.pl,,,,,,,,,,,,,,"1;2",,,,,,,,,,,,,,,,,Parent RSPO: 14297,,Szkoła Podstawowa Specjalna nr 348 w Młodzieżowym Ośrodku Socjoterapii nr 7,,,Miasto Stołeczne Warszawa,,,government,,,,,+48 225169820,"141102228","105299",,,,,,,,,https://www.mos7.edu.pl/,,,,,Praga-Południe,9
"POINT (21.0970728 52.2446201)","9631896981",Szkoła Podstawowa Specjalna nr 5,,,,,,,,,,,school,,,,,,,,,,,,,,,,,,,,,zs90@edu.um.warszawa.pl,,,,,,,,,,,,,,"1;2",,,,,,,,,,,,,,,,,Parent RSPO: 12658,,Szkoła Podstawowa Specjalna nr 5,,,Miasto Stołeczne Warszawa,,,government,,,,,+48 226103421,"016434826","105410",,,,,,,,,http://www.zss90.pl,,,,,Praga-Południe,10
"POINT (21.0399605 52.2048649)","1091775826",Szkoła Podstawowa nr 260 im. Jana Matejki,,,,,,,,,,,school,,,,,,,,,,,,,,,,,,,,,sp260@edu.um.warszawa.pl,,,+48 22 8411815,,,,,,,,,,,"1;2",,,,,,,,,,,,,,,,,,,Szkoła Podstawowa nr 260 im. Jana Matejki,,,Mokotów,,,government,,Q1634585,,,+48 228416097,"000801929","60285",PL5211552644,,,,,,,,https://www.sp260.waw.pl/,,,,,Mokotów,11
"POINT (21.0557102 52.1849713)","1505791035",Szkoła Podstawowa nr 371 im. Sandro Pertiniego,,,Warszawa,,,,,"68",,Jana III Sobieskiego,school,,,,,,,,,,,,,,,,,,,,,zs59@edu.um.warszawa.pl,,,,,,,,,,,,,,"1;2",,,,,,,,,,,,,,,,,Parent RSPO: 24341,,Szkoła Podstawowa nr 371 im. Sandro Pertiniego,,,Mokotów,,,government,,,,,+48 228424792,"367334716","133455",,,,,,,,,https://www.zs59.waw.pl/,,,,,Mokotów,12
"POINT (21.0191987 52.1996656)","1631772391",Szkoła Podstawowa nr 2 Przymierza Rodzin im. Księdza Jana Twardowskiego,,,Warszawa,,,,Szkoła Pdstawowa nr 2,"14",02-601,Racławicka,school,,,,,,,2025-09-07,,,,,,,,,,,,,,sp2pr@spr.edu.pl,,,,,,,,,,,,,,"1;2",,,,,,,,,,,,,,,,,,,Szkoła Podstawowa nr 2 Przymierza Rodzin im. Ks. Jana Twardowskiego,,,"Stowarzyszenie ""Przymierze Rodzin""",,,ngo,,,,,+48 228451742,"146474213","52986",PL5261649699,,,,,,,,https://spr.edu.pl/,,,,,Mokotów,13
"POINT (21.031695 52.1724084)","1969474139",Szkoła Podstawowa Niepubliczna nr 49,,,,,,,,,,,school,,,,,,,,,,,,,,,,,,,,,szkola@varsovia.edu.pl,,,,,,,,,,,,,,"1;2",,,,,,,,,,,,,,,,,,,Szkoła Podstawowa Niepubliczna nr 49,,,"Fundacja Edukacyjna ""Varsovia""",,,ngo,,,,,+48 222189307,"146346171","29946",,,,,,,,,https://www.varsovia.edu.pl/,,,,,Mokotów,14
"POINT (21.0394438 52.1961443)","2845293865",Szkoła Podstawowa Specjalna Nr 302 w Ośrodku Terapii Dziecka w Środowisku,,,Warszawa,,,,,"93",,Jana III Sobieskiego,school,,,,,,,,,,,,,,,,,,,,,,,,,,,,,,,,,,,,,,,,,,,,,,,,,,,,,,,,,,,,,,,,,,,,,,,,,,,,,,,,,Mokotów,15
"POINT (21.0467514 52.2108998)","7816030400",Szkoła Podstawowa Sióstr Nazaretanek z Oddziałami Dwujęzycznymi,,,Warszawa,,,,,"137",00-720,Czerniakowska,school,,,,,,,,,,,,,,,,,,,,,szkola@nazaretanki.pl,,,,,,,,,,,,,,"1;2",,,,,,,,,,,,,,,,,,,Szkoła Podstawowa Sióstr Nazaretanek z Oddziałami Dwujęzycznymi,,,"Zg.ss.najświętszej Rodziny Z Nazaretu, Prowincja Warszawska",,,religious,,,,,+48 228413854,"368100021","263079",,,,,,,,,https://nazaretanki.edu.pl/,,,,,Mokotów,16
"POINT (21.0026871 52.2076633)","9727844851",Społeczna Szkoła Podstawowa nr 26 STO im. prof. Jigoro Kano,,,Warszawa,,,,,"32",02-532,Rakowiecka,school,,,,,,,,,,,,,,,,,,,,,,,,,,,,,,,,,,,,,,,,,,,,,,,,,,Q190141,,,,Społeczna Szkoła Podstawowa nr 26 im. prof. Jigoro Kano Społecznego Towarzystwa Oświatowego - Prefektura Rakowiecka,,,Społeczne Towarzystwo Oświatowe,,,ngo,http://www.sto.org.pl/,Q9340538,,,,,,,,,,,,,,https://ssp26-rakowiecka.edupage.org/,,,,,Mokotów,17
"POINT (21.0303194 52.2006106)","11126355643",Szkoła Podstawowa nr 201,,,,,,,,,,,school,,,,,,,2025-08-31,,,,,,,,,,,,,,mow4@edu.um.warszawa.pl,,,,,,,,,,,,,,"1;2",,,,,,,,,,,,,,,,,Parent RSPO: 14449,,Szkoła Podstawowa Specjalna nr 201,,,Miasto Stołeczne Warszawa,,,government,,,,,+48 228412534,"000959725","105308",,,,,,,,,,,,,,Mokotów,18
"POINT (21.0736247 52.2118472)","11126386546",Szkoła Podstawowa nr 3 im. Dzieci Powstania Warszawskiego,,,,,,,,,,,school,,,,,,,,,,,,,,,,,,,,,zsp1@edu.um.warszawa.pl,,,,,,,,,,,,,,"1;2",,,,,,,,,,,,,,,,,Parent RSPO: 12481,,Szkoła Podstawowa nr 3 im. Dzieci Powstania Warszawskiego,,,Mokotów,,,government,,,,,+48 228414326,"000802219","80397",PL5211553738,,,,,,,,http://www.zsp1wawa.edupage.org,,,,,Mokotów,19
"POINT (21.0636791 52.1730941)","11132432149",Szkoła Podstawowa Specjalna nr 294 w Instytucie Psychiatrii i Neurologii,,,,,,,,,,,school,,,,,,,,,,,,,,,,,,,,,zs96@edu.um.warszawa.pl,,,,,,,,,,,,,,"1;2",,,,,,,,,,,,,,,,,Parent RSPO: 13110,,Szkoła Podstawowa Specjalna nr 294 w Instytucie Psychiatrii i Neurologii,,,Miasto Stołeczne Warszawa,,,government,,,,,+48 224582628,"012763912","105665",,,,,,,,,,,,,,Mokotów,20
"POINT (21.0390419 52.1734551)","11132453649",Szkoła Podstawowa nr 107 im. Bronisława Malinowskiego,,,,,,,,,,,school,,,,,,,,,,,,,,,,,,,,,sp107@edu.um.warszawa.pl,,,,,,,,,,,,,,"1;2",,,,,,,,,,,,,,,,,Parent RSPO: 277581,,Szkoła Podstawowa nr 107 im. Bronisława Malinowskiego,,,Mokotów,,,government,,,,,+48 228439692,"000802171","92385",PL5211553425,,,,,,,,http://www.sp107.edupage.org,,,,,Mokotów,21
"POINT (21.0547331 52.1895681)","11132571859",Brytyjska Szkoła Podstawowa The British School nr 91 w Warszawie,,,Warszawa,"918130",,,,"15",02-943,Bolesława Limanowskiego,school,,,,,,,,,,,,,,,,,,,,,british@thebritishschool.pl,,,,,,,,,,,,,,"1;2",,,,,,,,,,,,,,,,,,,Brytyjska Szkoła Podstawowa The British School nr 91 w Warszawie,,,The British School Spółka Z Ograniczoną Odpowiedzialnością,,,private,,,,,+48 228423281,"146548360","110104",,,,,,,,,http://www.thebritishschool.pl,,,,,Mokotów,22
"POINT (20.9996796 52.1808746)","11134868196",Szkoła Podstawowa im. Komisji Edukacji Narodowej,,,,,,,,,,,school,,,,,,,,,,,,,,,,,,,,,sekretariat@orpeg.pl,,,,,,,,,,,,,,"1;2",,,,,,,,,,,,,,,,,Parent RSPO: 122890,,Szkoła Podstawowa im. Komisji Edukacji Narodowej,,,Ministerstwo Edukacji i Nauki,,,government,,,,,+48 226223793,"368218656","263454",,,,,,,,,https://www.orpeg.pl/,,,,,Mokotów,23
"POINT (21.0166107 52.2027395)","11134969607",Szkoła Podstawowa Specjalna nr 111 im. Stefana Starzyńskiego,,,,,,,,,,,school,,,,,,,,,,,,,,,,,,,,,sekretariat@sps111.waw.pl,,,,,,,,,,,,,,"1;2",,,,,,,,,,,,,,,,,,,Szkoła Podstawowa Specjalna nr 111,,,Miasto Stołeczne Warszawa,City of Warsaw,Miasto Stołeczne Warszawa,government,,Q270,,,+48 222771821,"000959004","105671",,,,,,,,,https://www.sps111.waw.pl/,,,,,Mokotów,24
"POINT (21.000961 52.1902179)","11137276471","I Społeczna Szkoła Podstawowa Specjalna ""Dać Szansę""",,,Warszawa,"918130",,,,2b,02-639,Głogowa,school,,,,,,,,,,,,,,,,,,,,,sekretariat@dacszanse.edu.pl,,,,,,,,,,,,,,"1;2",,,,,,,,,,,,,,,,,Parent RSPO: 112050,,"I Społeczna Szkoła Podstawowa Specjalna ""Dać Szansę"" Społecznego Towarzystwa Oświatowego",,,Samodzielne Koło Terenowe Społecznego Towarzystwa Oswiatowego Nr 102,,,ngo,,,,,+48 228484902,"146422334","64377",PL5212467633,,,,,,,,http://www.dacszanse.edu.pl,,,,,Mokotów,25
"POINT (20.9941909 52.190896)","11137279927",Szkoła Podstawowa Specjalna nr 22 im. prof. dr hab. med. Eleonory Reicher,,,,,,,,,,,school,,,,,,,,,,,,,,,,,,,,,szkolair@gmail.com,,,,,,,,,,,,,,"1;2",,,,,,,,,,,,,,,,,,,"Szkoła Podstawowa Specjalna nr 22 w Narodowym Instytucie Geriatrii, Reumatologii i Rehabilitacji im. prof. dr hab. med. Eleonory Reicher",,,Miasto Stołeczne Warszawa,City of Warsaw,,public,,Q270,,,+48 226709201,"012726816","105419",,,,,,,,,https://sps22.szkolnykatalog.pl/,,,,,Mokotów,26
"POINT (20.9721307 52.235192)","1774804324",Niepubliczna Szkoła Podstawowa „W Kontakcie”,,,,,,,,"4",,Stanisława Staszica,school,,,,,,,2025-08-22,,,,,,,,,,,,,,,,,,,,,,,,,,,,,,,,,,,,,,,,,,,,,,,,,,,,,private,,,,,,,,,,,,,,,,,,,,,Wola,27
"POINT (20.9371059 52.2419315)","2364845994",Szkoła Podstawowa Specjalna nr 331,,,,,,,,,,,school,,,,,,,,,,,,,,,,,,,,,,,,,,,,,,,,,,,,,,,,,,,,,,,,,,,,,,,,,,,,,,,,,,,,,,,,,,,,,,,,,Wola,28
"POINT (20.9759247 52.2380862)","9563096195","Niepubliczna Szkoła Podstawowa ""W kontakcie""",,,Warszawa,,,,,"62",01-193,Karolkowa,school,,,,,,,2024-06-15,,,,,,,,,,,,,,,,,,,,,,,,,,,,,,,,,,,,,,,,,,,,,,,"Niepubliczna Specjalna Szkoła Podstawowa dla Dzieci z Autyzmem ""W kontakcie""",,,"Fundacja na Rzecz Wspierania Dzieci z Autyzmem i Ich Rodzin ""W kontakcie""",,,ngo,,,,,+48 509 267 707,,,,none,,,,,,,http://szkolawkontakcie.org/,,,,,Wola,29
"POINT (20.9675843 52.2467133)","9643160042",Niepubliczna Szkoła Podstawowa EduArt im. Leonarda da Vinci,,,Warszawa,,,,,24D,01-163,Jana Ostroroga,school,,,,,,,,,,,,,,,,,,,,,kontakt@eduartschool.pl,,,,,,0-8,,,,,,,,"1;2",,,,,,,,,,,,,,,,,,,,,,,,,private,,,,,+48 504 166 992,,,,,,,,,,,https://eduartschool.pl/,,,,,Wola,30
"POINT (20.9789006 52.2506633)","9643239720",Szkoła Podstawowa Towarzystwa Edukacyjnego Vizja,,,Warszawa,,,,,"59",01-043,Okopowa,school,,,,,,,,,,,,,,,,,,,,,,,,,,,1-8,,,,,,,,"1;2",,,,,,,,,,,,,,,,,,,,,,Towarzystwo Edukacyjne Vizja,,,private,,,,,,,,,,,,,,,,https://okopowa.edu.pl/szkola-podstawowa/,,,,,Wola,31
"POINT (20.9839521 52.2473158)","11076558188",Szkoła Podstawowa nr 389 im. Stefana Starzyńskiego,,,,,,,,,,,school,,,,,,,,,,,,,,,,,,,,,,,,,,,,,,,,,,,,,,,,,,,,,,,,,,,,,,,,,,,,,,,,,,,,,,,,,,,,,,,,,Wola,32
"POINT (20.9396442 52.2442964)","13163248602",Szkoła Podstawowa nr 390 dla dorosłych,,,,,,,,,,,school,,,,,,,,,,,,,,,,,,,,,,,,,,,,,,,,,,,,,,,,,,,,,,,,,,,,,,,,,,,,,,,,,,,,,,,,,,,,,,,,,Wola,33
"POINT (21.0854032 52.1690631)","11161749435",Szkoła Podstawowa nr 261 im. Stanisława Kostki Potockiego,,,,,,,,,,,school,,,,,,,,,,,,,,,,,,,,,sekretariat@kostka-potocki.edu.pl,,,,,,,,,,,,,,"1;2",,,,,,,,,,,,,,,,,Parent RSPO: 5626,,Szkoła Podstawowa nr 261 im. Stanisława Kostki Potockiego w Warszawie,,,Wilanów,,,government,,,,,+48 222771500,"017187324","30461",,,,,,,,,http://www.kostka-potocki.edu.pl,,,,,Wilanów,34
"POINT (21.069041 52.157632)","11161782601",Polsko-Niemiecka Szkoła Spotkań i Dialogu im. Willy'ego Brandta - Szkoła Podstawowa,,,,,,,,,,,school,,,,,,,,,,,,,,,,,,,,,sekretariat2@wbs.pl,,,,,,,,,,,,,,"1;2",,,,,,,,,,,,,,,,,Parent RSPO: 114245,,Polsko-Niemiecka Szkoła Spotkań i Dialogu im. Willy'ego Brandta w Warszawie - Szkoła Podstawowa,,,Niemieckie Towarzystwo Szkolne w Warszawie,,,ngo,,,,,+48 226422705,"146372926","52998",,,,,,,,,https://wbs.pl/,,,,,Wilanów,35
"POINT (21.0757317 52.1773759)","11161899870",Międzynarodowa Europejska Szkoła Podstawowa,,,,,,,,,,,school,,,,,,,,,,,,,,,,,,,,,ies@ies-warsaw.pl,,,,,,,,,,,,,,"1;2",,,,,,,,,,,,,,,,,,,Międzynarodowa Europejska Szkoła Podstawowa im. Jana Kułakowskiego w Warszawie - International European School *Warsaw,,,"""International European School"" Spółka Z Ograniczoną Odpowiedzialnością",,,private,,,,,+48 228424448,"146407553","52982",PL5272374993,,,,,,,,https://www.ies-warsaw.pl/,,,,,Wilanów,36
"POINT (21.063225 52.1524982)","11161931312","Niepubliczna Specjalna Szkoła Podstawowa ""Krok Po Kroku""",,,,,,,,,,,school,,,,,,,,,,,,,,,,,,,,,sekretariat@szkolakpk.edu.pl,,,,,,,,,,,,,,"1;2",,,,,,,,,,,,,,,,,,,"Niepubliczna Specjalna Szkoła Podstawowa ""Krok Po Kroku"" im. Bl. Edmunda Bojanowskiego",,,Rzymsko-Katolicka Parafia Błogosławionego Edmunda Bojanowskiego,,,religious,,,,,+48 535393000,"146439843","64399",PL9512030204,,,,,,,,http://szkolakpk.edu.pl,,,,,Wilanów,37
"POINT (21.2404025 52.217455)","9482184239",Szkoła Podstawowa nr 385 im. Marszałka Józefa Piłsudskiego,,,,,,,,,,,school,,,,,,,,,,,,,,,,,,,,,kontakt.sp385@eduwarszawa.pl,,,+48 227732335,,,,,,,,,,,"1;2",,,,,,,,,,,,,,,,,,,,,,,,,,,,,,+48 227732987,"367405267","133545",,,,,,,,,https://sp385.waw.pl/,,,,,Wesoła,38
"POINT (21.2156728 52.2169832)","9623162889","Szkoła Podstawowa Niepubliczna nr 90 ""Szkoła Rodzinna""",,,,,,,,,,,school,,,,,,,,,,,,,,,,,,,,,sekretariat@szkolarodzinna.pl,,,,,,,,,,,,,,"1;2",,,,,,,,,,,,,,,,,Parent RSPO: 127002,,"Szkoła Podstawowa Niepubliczna nr 90 ""Szkoła Rodzinna""",,,Halina Grzywacz,,,private,,,,,+48 227733377,"146363933","31707",PL9521203124,,,,,,,,http://www.szkolarodzinna.pl/,,,,,Wesoła,39
"POINT (21.1691549 52.2167281)","9482173025",Szkoła Podstawowa Specjalna nr 393,,,,,,,,,,,school,,,,,,,,,,+48 226133542,+48 226133542,,,,,,,,,,mos2kat@eduwarszawa.pl,,,,,,,,,,,,,,"1;2",,,,,,,,,,,,,,,,,,,"Szkoła Podstawowa Specjalna nr 393 w Młodzieżowym Ośrodku Socjoterapii nr 2 ""Kąt""",,,Miasto Stołeczne Warszawa,,,government,,,,,,"367990142","196263",,,,,,,,,https://moskat.pl/,,,,,Wawer,40
"POINT (21.1918676 52.2053675)","9482317430",Szkoła Podstawowa Specjalna nr 106,,,,,,,,,,,school,,,,,,,,,,+48 228151123,+48 228151123,https://zss78warszawa.edupage.org/,,,,,,,,,sekretariat.zs78@eduwarszawa.pl,,,,,,,,,,,,,,"1;2",,,,,,,,,,,,,,,,,,,"Szkoła Podstawowa Specjalna nr 106 w Instytucie ""Pomnik - Centrum Zdrowia Dziecka""",,,Miasto Stołeczne Warszawa,,,government,,,,,,"015890077","105398",,,,,,,,,,,,,,Wawer,41
"POINT (21.2051176 52.1651375)","9483945670",Szkoła Podstawowa Specjalna nr 179,,,,,,,,,,,school,,,,,,,,,,,,,,,,,,,,,zs102@eduwarszawa.pl,,,+48 226130638,,,,,,,,,,,"1;2",,,,,,,,,,,,,,,,,,,Szkoła Podstawowa Specjalna nr 179,,,Miasto Stołeczne Warszawa,,,government,,,,,+48 226130638,"016448053","105677",,,,,,,,,https://zss102.waw.pl/,,,,,Wawer,42
"POINT (21.1769806 52.2068359)","9522300152","""Żagle"" Szkoła Podstawowa",,,,,,,,,,,school,,,,,,,,szkola.zagle@sternik.edu.pl,,,,https://spzagle.sternik.edu.pl/,,,,Klasy 4-8,,,,,,,,,,,4-8,,,,,,,,"1;2",,,,,,,,,,+48 513061401,,,,,,,,,"""Żagle"" Szkoła Podstawowa Stowarzyszenia Sternik",,,"Stowarzyszenie Wspierania Edukacji i Rodziny ""Sternik""",,,ngo,,,,,+48 228159031,"146405732","52988",PL5262759065,,,,,,,,,,,,,Wawer,43
"POINT (21.149051 52.1918973)","9522580908",Integracyjna Podstawowa Szkoła Montessori Wawer,,,,,,,,,,,school,,,,,,,,sekretariat.cem@gmail.com,,,,,,,,,,,,,,,,,,,,,,,,,,,"1;2",,,,,,,,,,+48 668596464,,,,,,,,,Integracyjna Podstawowa Szkoła Montessori Wawer,,,Centrum Aktywnego Rozwoju Spółka z o.o.,,,private,,,,,,"368284908","264203",,,,,,,,,http://montessori-warszawa.pl/,,,,,Wawer,44
"POINT (21.204674 52.152904)","9621260666",Szkoła Podstawowa nr 235,,,,,,,,,,,school,,,,,,,,,,,,,,,,,,,,,sekretariat@warszawa.oow.gov.pl,,,,,,,,,,,,,,"1;2",,,,,,,,,,,,,,,,,,,Szkoła Podstawowa nr 235 w Okręgowym Ośrodku Wychowawczym w Warszawie Falenicy,,,Ministerstwo Sprawiedliwości,,,government,,,,,+48 228729175,"147430420","125191",,,,,,,,,https://warszawa.oow.gov.pl/,,,,,Wawer,45
"POINT (21.2170127 52.1694979)","9621398271","""Żagle"" Szkoła Podstawowa Stowarzyszenia Sternik",,,,,,,,,,,school,,,,,,,,szkola.zagle@sternik.edu.pl,,,+48 228725022,http://zagle.sternik.edu.pl,,,,Klasy 0-3,,,,,,,,,,,,,,,,,,,"1;2",,,,,,,,,,,,,,,,,,,"""Żagle"" Szkoła Podstawowa Stowarzyszenia Sternik",,,"Stowarzyszenie Wspierania Edukacji i Rodziny ""Sternik""",,,ngo,,,,,,"146405732","52988",PL5262759065,,,,,,,,,,,,,Wawer,46
"POINT (21.1786352 52.2102483)","12554512345",Chrześcijańska Szkoła Podstawowa Samuel,,,,,,,,,,,school,,,,,,,,,https://www.facebook.com/SzkolaSamuel,,+48 228797810,,,,,,,,,,dyrekcja.szkola@samuel.pl,,,,,,,,,,,,,,"1;2",,,,,,,,,,,,,,,,,,,Chrześcijańska Szkoła Podstawowa Samuel,,,Towarzystwo Edukacyjne Samuel,,,ngo,,,,,,"146369367","52987",PL9511923621,,,,,,,,https://szkola.samuel.pl/,,,,,Wawer,47
"POINT (20.9039022 52.2100325)","2367001794",Szkoła Podstawowa nr 359,,,,,,,,,,,school,,,,,,,,,,,,,,,,,,,,,zs17@edu.um.warszawa.pl,,,,,,,,,,,,,,"1;2",,,,,,,,,,,,,,,,,Parent RSPO: 30982,,Szkoła Podstawowa nr 359,,,Włochy,,,government,,,,,+48 228637304,"363827600","130316",PL5222493750,,,,,,,,https://www.promienista.waw.pl/,,,,,Włochy,48
"POINT (20.9381486 52.1602932)","11146180749",Szkoła Podstawowa Eduventura,,,,,,,,,,,school,,,,,,,,,,,,,,,,,,,,,kontakt@eduventura.pl,,,,,,,,,,,,,,"1;2",,,,,,,,,,,,,,,,,,,Szkoła Podstawowa Eduventura,,,Szkoła Eduventura Spółka Z Ograniczoną Odpowiedzialnością,,,private,,,,,+48 507307397,"383927958","272093",,,,,,,,,https://eduventura.pl/szkola-podstawowa/,,,,,Włochy,49
"POINT (20.8946581 52.2059335)","11146411129",Niepubliczna Szkoła Podstawowa Tosi i Franka,,,Warszawa,"988862",,,,"10",02-409,Obywatelska,school,,,,,,,2024-11-09,,,,,,,,,,,,,,sekretariat@stif.pl,,,,,,,,,,,,,,"1;2",,,,,,,,,,,,,,,,,,,Niepubliczna Szkoła Podstawowa Tosi i Franka,,,Monika Woźniak,,,private,,,,,+48 227240261,"380040574","267266",,,,,,,,,https://www.stif.pl/stif-warszawa-wlochy,,,,,Włochy,50
"POINT (20.9554342 52.1915582)","12073397468",Niebieska Szkoła Podstawowa,,,,,,,,,,,school,,,,,,,,,,,,,,,,,,,,,kontakt@niebieska.edu.pl,,,,,,,,,,,,,,"1;2",,,,,,,,,,+48 728030609,,,,,,,,,Niepubliczna Szkoła Podstawowa Specjalna Niebieska,,,Niebieska Sp. z o.o.,,,private,,,,,,"521438820","478452",,,,,,,,,https://www.niebieska.edu.pl/,,,,,Włochy,51
"POINT (20.9829289 52.192089)","12495395880","Międzynarodowa Szkoła Podstawowa Towarzystwa Edukacyjnego ""Vizja""",,,,,,,,,,,school,,,,,,,,,,,,,,,,,,,,,ochota@tevizja.pl,,,,,,,,,,,,,,"1;2",,,,,,,,,,,,,,,,,,,"Międzynarodowa Szkoła Podstawowa Towarzystwa Edukacyjnego ""Vizja""",,,"Towarzystwo Edukacyjne ""Vizja"" Spółka Z Ograniczoną Odpowiedzialnością",,,private,,,,,+48 721722732,"362396300","128769",,,,,,,,,https://gladka.tevizja.pl/,,,,,Włochy,52
"POINT (21.0557007 52.1515045)","279142259",Szkoła Podstawowa nr 112 Przymierza Rodzin im. Jana Pawła II,,,,,,,,,,,school,,,,,,,,,,,,,,,,,,,,,szkola@szkolajp2.pl,,,,,,,,,,,,,,"1;2",,,,,,,,,,,,,,,,,,,Szkoła Podstawowa nr 112 Przymierza Rodzin im. Jana Pawła II,,,"Stowarzyszenie ""Przymierze Rodzin""",,,ngo,,,,,+48 226415209,"146355572","34221",PL9511737597,,,,,,,,http://www.spprzymierzejp2.pl/,,,,,Ursynów,53
"POINT (21.075872 52.1281635)","1260315158",Prywatna Szkoła Podstawowa nr 6 Sióstr Niepokalanek im. Bł. M. Marceliny Darowskiej,,,Warszawa,,,,,"2",02-796,Jerzego Zaruby,school,,,,,,,2025-10-14,,,,,,,,,,,,,,poczta@szkolaniepokalanek.com,,,,,,,,,,,,,,"1;2",,,,,,,,,,+48 791977129,,,,,,,,,Prywatna Szkoła Podstawowa nr 6 Sióstr Niepokalanek im. Bł. M. Marceliny Darowskiej,,,Zgromadzenie Sióstr Niepokalanego Poczęcia Nmp Dom Generalny,,,religious,,,,,+48 226493826,"146337485","25031",PL8371619206,,,,,,,,https://szkolaniepokalanek.com/,,,,,Ursynów,54
"POINT (21.0411843 52.1577505)","4597658716",Prywatna Szkoła Podstawowa nr 83,,,Warszawa,,,,,"2",02-786,Wacława Lachmana,school,,,,,,,2023-08-25,,https://www.facebook.com/szkola83,,,,,,,,,,,,sekretariatsp83@gmail.com,,,,,,,,,,,,,,"1;2",,"-1",,,,,,,,,,,,,,,,,Prywatna Szkoła Podstawowa nr 83,,,Elżbieta Czekalska-Jakubowska,,,private,,,,,+48 226412517,"146363991","31704",PL9511204837,,,,,,,,http://sp83.edu.pl,no,,,,Ursynów,55
"POINT (21.0320717 52.156188)","6721093866",Szkoła Podstawowa Kosmos,,,,,,,,"95",,Aleja Komisji Edukacji Narodowej,school,,,,,,,2025-06-03,,,,,,,,,,,,,,,,,,,,,,,,,,,,,,,,,,,,,,,,,,,,,,,,,,,,,private,,,,,,,,,,,,,,,,,,,,,Ursynów,56
"POINT (21.0276357 52.160569)","6757662037",Szkoła Podstawowa nr 9 STO,,,,,,,,,,,school,,,,,,,,,,,,,,,,filia szkoły,,,,,sekretariat@9sto.edu.pl,,,,,,,,,,,,,,"1;2",,"2",,,,,,,,+48 508091331,,,,,,,,,Szkoła Podstawowa nr 9 Społecznego Towarzystwa Oświatowego,,,Samodzielne Koło Terenowe Sto Nr 20,,,ngo,,,,,+48 226434802,"146337427","25029",PL9511898828,,,,,,,,https://9sto.edu.pl/,,,,,Ursynów,57
"POINT (21.0411196 52.1509053)","6784031281",Szkoła Podstawowa przy Społecznym Liceum Ogólnokształcącym nr 4 im. Batalionu AK „Parasol”,,,,,,,,,,,school,,,,,,,,,,,,,,,,,,,,,sekretariat@slo4.edu.pl,,,,,,,,,,,,,,"1;2",,,,,,,,,,,,,,,,,,,Szkoła Podstawowa przy Społecznym Liceum Ogólnokształcącym nr 4 im. Batalionu AK „Parasol”,,,Autorskie Towarzystwo Edukacyjne,,,ngo,,,,,+48 226412634,"367418695","133567",,,,,,,,,https://www.batalionparasol.pl/slo4/,,,,,Ursynów,58
"POINT (21.061566 52.1326705)","6893773744",Niepubliczna Szkoła Podstawowa nr 47 im. Roberta Schumana,,,,,,,,,,,school,,,,,,,2025-10-04,,,,,,,,,,,,,,szkola.podstawowa@primus.com.pl,,,,,,,,,,,,,,"1;2",,,,,,,,,,,,,,,,,,,"Niepubliczna Szkoła Podstawowa nr 47 im. Roberta Schumana Fundacji ""Primus""",,,"Fundacja ""Primus""",,,ngo,,,,,+48 226482853,"146355224","30711",,,,,,,,,https://primus.com.pl/index.php/szkola-podstawowa,,,,,Ursynów,59
"POINT (21.0335736 52.108805)","9570732957",Szkoła Podstawowa Heliantus,,,,,,,,,,,school,,,,,,,,heliantus@heliantus.pl,,,,http://heliantus.pl/szkola,,,,,,,,,,,,,,,,,,,,,,,"1;2",,,,,,,,,,+48 787315656,,,,,,,,,Szkoła Podstawowa Heliantus,,,Heliantus Spółka z ograniczoną odpowiedzialnością,,,private,,,,,,"146816168","118680",,,,,,,,,,,,,,Ursynów,60
"POINT (21.0194546 52.1344838)","9570734481",Szkoła Podstawowa Montessori,,,,,,,,,,,school,,,,,,,,,,,,,,,,,,,,,biuro@mcem.pl,,,,,,,,,,,,,,"1;2",,,,,,,,,,+48 516104432,,,,,,,,,Międzynarodowa Szkoła Montessori w Warszawie,,,Katarzyna Zwierzchowska,,,private,,,,,,"147082113","121724",,,,,,,,,https://mcem.pl/,,,,,Ursynów,61
"POINT (21.0567705 52.1541002)","9572445569",Chrześcijańska Szkoła Podstawowa Daniel,,,Warszawa,,,,,154A,,Nowoursynowska,school,,,,,,,2024-01-20,,,,,,,,,,,,,,biuro@daniel.edu.pl,,,,,,,,,,,,,,"1;2",,,,,,,,,,+48 795007202,,,,,,,,,Chrześcijańska Szkoła Podstawowa Daniel,,,"Fundacja ""Edukacja z Wartościami""",,,ngo,,,,,,"147138180","122373",,,,,,,,,https://daniel.edu.pl/szkola-podstawowa-daniel/,,,,,Ursynów,62
"POINT (21.0761055 52.1341393)","9572644081",Szkoła Podstawowa im. Samuela Bogumiła Lindego,,,,,,,,,,,school,,,,,,,,,,,,,,,,,,,,,sekretariat@linde.waw.pl,,,,,,,,,,,,,,"1;2",,,,,,,,,,,,,,,,,Parent RSPO: 133058,,Szkoła Podstawowa im. Samuela Bogumiła Lindego,,,Ewangelickie Towarzystwo Oświatowe,,,ngo,,,,,+48 572713508,"368335468","264398",,,,,,,,,https://www.linde.waw.pl/,,,,,Ursynów,63
"POINT (21.0644905 52.1320295)","9572646427",Prywatna Szkoła Podstawowa Active School,,,,,,"013",,,,,school,,,,,,,2024-03-26,szkola@activeschool.edu.pl,https://www.facebook.com/ActiveSchoolWarszawa/,,+48 501275211,http://www.activeschool.edu.pl,,,,,,,,,,,,,,,,,,,,,,,"1;2",,,,,,,,,,,,,,,,,,,Prywatna Szkoła Podstawowa Active School,,,Agnieszka Maj-Kleszowska,,,private,,,,,,"367740534","133945",,,,,,,,,,,,,,Ursynów,64
"POINT (21.0732516 52.1327976)","9572661317",Amerykańska Szkoła Podstawowa Niepubliczna Nr 44,,,Warszawa,,,,,"18",02-796,Stefana Dembego,school,,,,,,,2025-10-14,secretary@ias.edu.pl,,,+48 226491440,http://www.ias.edu.pl,,,,,,,,,,,,,,,,,,,,,,,"1;2",,,,,,,,,,,,,,,,,,,International American School Sp. z o.o. Amerykańska Szkoła Podstawowa Niepubliczna Nr 44,,,International American School Spółka z ograniczoną odpowiedzialnością,,,private,,,,,,"146338220","25033",PL5271055211,,,,,,,,,,,,,Ursynów,65
"POINT (21.0601118 52.1500234)","11184388412",Społeczna Szkoła Podstawowa nr 1 im. Jana Nowaka-Jeziorańskiego,,,,,,,,,,,school,,,,,,,,,,,,,,,,,,,,,sekretariat@zsosto.pl,,,,,,,,,,,,,,"1;2",,,,,,,,,,,,,,,,,,,Społeczna Szkoła Podstawowa nr 1 im. Jana Nowaka-Jeziorańskiego,,,Samodzielne Koło Terenowe Społecznego Towarzystwa Oświatowego Nr 21 W Warszawie,,,ngo,,,,,+48 226497973,"146432077","82709",,,,,,,,,http://zsosto.pl/szkola-podstawowa/,,,,,Ursynów,66
"POINT (21.029927 52.1650478)","11214026335",Szkoła Podstawowa nr 303 im. Fryderyka Chopina,,,,,,,,,,,school,,,,,,,,,,,,,,,,,,,,,sp303@eduwarszawa.pl,,,+48 22 643 71 23,,,0-3,,,,,,,,"1;2",,,,,,,,,,,,,,,,,,,Szkoła Podstawowa nr 303 im. Fryderyka Chopina,,,Ursynów,,,government,,,,,+48 222594220,"000835236","22214",,,,,,,,,https://sp303.ursynow.warszawa.pl/,,,,,Ursynów,67
"POINT (21.0658523 52.1375415)","12150537961",Katolicka Szkoła Podstawowa Fundacji na Rzecz Rodziny,,,Warszawa,,,,,"3",02-793,Przy Bażantarni,school,,,,,,,,,,,,,,,roman_catholic,,,,,,,,,,,,1-8,,,,,,,,,,,,,,,,,,,,,,,,,,,,,,Fundacja Na Rzecz Rodziny,,,private,,,,,,,,,christian,,,,,,,https://kspursynow.edupage.org/,,,,,Ursynów,68
"POINT (20.9994516 52.2495948)","9004861506",Prywatna Szkoła Podstawowa nr 41 Edu Bene,,,,,,,,,,,school,,,,,,,2025-03-09,,,,,,,,,,,,,,jmjopek@gmail.com,,,,,,,,,,,,,,"1;2",,,,,,,,,,,,,,,,,,,Prywatna Szkoła Podstawowa nr 41 Edu Bene,,,Jan Jopek,,,private,,,,,+48 603607034,"368294249","264241",,,,,,,,,,,,,,Śródmieście,69
"POINT (20.9899393 52.2507795)","10577730972","Społeczna Szkoła Podstawowa Fundacji ""Alteredu""",,,,,,,,,,,school,,,,,,,,,,,,,,,,,,,,,kontakt@sspfae.waw.pl,,,,,,,,,,,,,,"1;2",,,,,,,,,,,,,,,,,,,"Społeczna Szkoła Podstawowa Fundacji ""Alteredu""",,,"Fundacja ""Alteredu""",,,ngo,,,,,+48 223926145,"368479180","264822",,,,,,,,,,,,,,Śródmieście,70
"POINT (20.997463 52.2411276)","10587709839",Szkoła Podstawowa Specjalna nr 243,,,,,,,,,,,school,,,,,,,,,,,,,,,,,,,,,zs85@edu.um.warszawa.pl,,,,,,,,,,,,,,"1;2",,,,,,,,,,,,,,,,,Parent RSPO: 12427,,Szkoła Podstawowa Specjalna nr 243,,,Miasto Stołeczne Warszawa,,,government,,,,,+48 226205772,"015835888","105400",,,,,,,,,http://www.zssnr85.waw.pl,,,,,Śródmieście,71
"POINT (21.0003959 52.2350335)","10592347443",Szkoła Podstawowa Specjalna nr 196,,,,,,,,,,,school,,,,,,,,,,,,,,,,,,,,,sekretariat.sosw15@edu.um.warszawa.pl,,,,,,,,,,,,,,"1;2",,,,,,,,,,,,,,,,,Parent RSPO: 14620,,Szkoła Podstawowa Specjalna nr 196,,,Miasto Stołeczne Warszawa,,,government,,,,,+48 222771800,"015851806","105316",,,,,,,,,http://osw15warszawa.edupage.org,,,,,Śródmieście,72
"POINT (21.0280902 52.236198)","10608963127",Szkoła Podstawowa nr 34,,,,,,,,,,,school,,,,,,,,,,,,,,,,,,,,,sp34@sp34.waw.pl,,,,,,,,,,,,,,"1;2",,,,,,,,,,,,,,,,,Parent RSPO: 113753,,Szkoła Podstawowa nr 34 im. Stanisława Dubois,,,Śródmieście,,,government,,,,,+48 228278725,"010207420","34745",PL5252206318,,,,,,,,https://sp34.waw.pl/,,,,,Śródmieście,73
"POINT (21.0180567 52.2238514)","11057365510",Prywatna Żeńska Szkoła Podstawowa z Oddziałami Dwujęzycznymi,,,,,,,,,,,school,,,,,,,,,,,,,,,,,,,,,sekretariat@cpz.edu.pl,,,,,,,,,,,,,,"1;2",,,,,,,,,,,,,,,,,Parent RSPO: 272814,,Prywatna Żeńska Szkoła Podstawowa z Oddziałami Dwujęzycznymi im. Cecylii Plater-Zyberkówny,,,Towarzystwo Oświatowe Im. Cecylii Plater-Zyberkówny,,,ngo,,,,,+48 226215254,"146378975","31698",PL5260020367,,,,,,,,http://www.cpz.edu.pl,,,,,Śródmieście,74
"POINT (21.0238628 52.2286281)","11057372060",Szkoła Podstawowa Specjalna nr 226,,,,,,,,,,,school,,,,,,,,,,,,,,,,,,,,,instytutgluch@instytutgluch.pl,,,,,,,,,,,,,,"1;2",,,,,,,,,,,,,,,,,Parent RSPO: 14781,,Szkoła Podstawowa Specjalna z Oddziałami Przedszkolnymi nr 226,,,Miasto Stołeczne Warszawa,City of Warsaw,Miasto Stołeczne Warszawa,government,,Q270,,,+48 226280431,"000959642","105320",,,,,,,,,https://instytut-gluchoniemych.waw.pl/,,,,,Śródmieście,75
"POINT (21.0369617 52.2249132)","11117418053",Szkoła Podstawowa Specjalna nr 51,,,,,,,,,,,school,,,,,,,,,,,,,,,,,,,,,sekretariat@kozminska.edu.pl,,,,,,,,,,,,,,"1;2",,,,,,,,,,,,,,,,,Parent RSPO: 14582,,Szkoła Podstawowa Specjalna nr 51,,,Miasto Stołeczne Warszawa,,,government,,,,,+48 226291610,"015847816","105312",,,,,,,,,,,,,,Śródmieście,76
"POINT (21.0463426 52.2182307)","11117557057",Szkoła Podstawowa Montessori im. św. Urszuli Ledóchowskiej,,,,,,,,,,,school,,,,,,,,,,,,,,,,,,,,,szkola@spmontessori.pl,,,,,,,,,,,,,,"1;2",,,,,,,,,,,,,,,,,,,Szkoła Podstawowa Montessori im. Św. Urszuli Ledóchowskiej,,,Ośrodek Edukacji Montessori Spółka Z Ograniczoną Odpowiedzialnością,,,private,,,,,+48 729972837,"146432746","53026",PL9512165878,,,,,,,,https://www.spmontessori.pl/,,,,,Śródmieście,77
"POINT (21.0375829 52.2537796)","5795676836",Społeczna Szkoła Podstawowa,,,,,,,,,,,school,,,,,,,,spollic3@wp.pl,,,+48 22 619 39 04,http://www.3slo.pl,,,,,,,,,spollic3@wp.pl,,,,,,,,,,,,,,"1;2",,,,,,,,,,,,,,,,,,,Społeczna Szkoła Podstawowa im. S. Lema Społecznego Towarzystwa Oświatowego,,,Samodzielne Koło Terenowe Nr 140 Sto,,,ngo,,,,,+48 226193904,"367417394","133548",,,,,,,,,http://www.3slo.pl,,,,,Praga-Północ,78
"POINT (21.0569034 52.2574087)","9633255677",Akademicka Szkoła Podstawowa Wyższej Szkoły Menedżerskiej w Warszawie,,,,,,,,,,,school,,,,,,,,,,,,,,,,,,,,,superszkola@mac.edu.pl,,,,,,,,,,,,,,"1;2",,,,,,,,,,,,,,,,,,,Akademicka Szkoła Podstawowa Wyższej Szkoły Menedżerskiej w Warszawie,,,Wyższa Szkoła Menedżerska W Warszawie,,,private,,,,,+48 228188302,"367511012","133636",,,,,,,,,https://liceum.wsm.warszawa.pl/,,,,,Praga-Północ,79
"POINT (21.0479842 52.2559303)","9633379885",Szkoła Podstawowa Specjalna nr 6,,,,,,,,,,,school,,,,,,,,,,,,,,,,,,,,,zsp@zspnr10.waw.pl,,,,,,,,,,,,,,"1;2",,,,,,,,,,,,,,,,,Parent RSPO: 267766,,Szkoła Podstawowa Specjalna nr 6,,,Miasto Stołeczne Warszawa,,,government,,,,,+48 226190505,"000967506","105667",,,,,,,,,http://www.zspnr10.waw.pl,,,,,Praga-Północ,80
"POINT (21.0459129 52.2598586)","9646785945",Niepubliczna Szkoła Podstawowa Promitis,,,,,,,,,,,school,,,,,,,,,,,,,,,,,,,,,warszawa@autyzm-szkola.pl,,,,,,,,,,,,,,"1;2",,,,,,,,,,,,,,,,,,,Niepubliczna Szkoła Podstawowa Promitis,,,Piotr Langiewicz,,,private,,,,,+48 790090762,"380453069","267635",,,,,,,,,,,,,,Praga-Północ,81
"POINT (21.014447 52.2730593)","12357072520",Niepubliczna Szkoła Podstawowa Wyspa JP2,,,,,,,,,,,school,,,,,,,,,,,,,,,,,,,,,szkola@wyspajp2.pl,,,,,,,,,,,,,,"1;2",,,,,,,,,,,,,,,,,,,,,,Dobra Wyspa Spółka z ograniczoną odpowiedzialnością,,,private,,,,,+48 789 340 135,"367419186","133572",,,,,,,,,,,,,,Praga-Północ,82
"POINT (20.8999141 52.1971835)","9680928360",Szkoła Podstawowa nr 360 im. Polskich Noblistek,,,,,,,,,,,school,,,,,,,,,,,,,,,,,,,,,sekretariat.sp360@eduwarszawa.pl,,,,,,,,,,,,,,"1;2",,,,,,,,,,,,,,,,,,,Szkoła Podstawowa nr 360 im. Polskich Noblistek,,,Ursus,,,government,,,,,+48 226272823,"380575097","267728",PL5223134645,,,,,,,,http://www.sp360.warszawa.pl,,,,,Ursus,83
"POINT (20.8663332 52.1995631)","11148229070",Niepubliczna Podstawowa Szkoła Montessori,,,,,,,,,,,school,,,,,,,2024-12-17,,,,,,,,,,,,,,sekretariat@poem.pl,,,,,,,,,,,,,,"1;2",,,,,,,,,,,,,,,,,,,Niepubliczna Podstawowa Szkoła Montessori w Warszawie,,,Dorota Rotowska,,,private,,,,,+48 228828555,"146399925","52992",PL5222500349,,,,,,,,https://www.poem.pl/,,,,,Ursus,84
"POINT (21.0682602 52.2661767)","9669661698",Niepubliczna Integracyjna Szkoła Podstawowa,,,,,,,,,,,school,,,,,,,,,,,,,,,,,,,,,sekretariat@nispar.edu.pl,,,,,,,,,,,,,,"1;2",,,,,,,,,,,,,,,,,,,Niepubliczna Integracyjna Szkoła Podstawowa im. Achillesa Ratti,,,"Fundacja Edukacyjna ""Non Verba""",,,ngo,,,,,+48 661218367,"363155738","129946",,,,,,,,,,,,,,Targówek,85
"POINT (21.0791711 52.2909253)","9719055648",Prywatna Szkoła Podstawowa nr 108,,,Warszawa,"988827",,,,9/11,03-699,Krynoliny,school,,,,,,,2025-06-09,,,,,,,,,,,,,,psp108@o2.pl,,,,,,,,,,,,,,"1;2",,,,,,,,,,,,,,,,,,,Prywatna Szkoła Podstawowa nr 108 im. Matki Boskiej Nieustającej Pomocy,,,Zg.oo.oblatów Świętego Józefa,,,religious,,,,,+48 226790108,"146351373","31812",PL1130572847,,,,,,,,http://www.psp108.pl,,,,,Targówek,86
"POINT (21.0306733 52.2968983)","9983928980",Szkoła Podstawowa nr 379 im. Szarych Szeregów,,,,,,,,,,,school,,,,,,,,,,,,,,,,,,,,,sekretariat@szkolyszareszeregi.edu.pl,,,,,,,,,,,,,,"1;2",,,,,,,,,,,,,,,,,Parent RSPO: 271758,,Szkoła Podstawowa nr 379 im. Szarych Szeregów w Warszawie,,,Targówek,,,government,,,,,+48 228111908,"367486640","133614",,,,,,,,,https://zs128.edupage.org,,,,,Targówek,87
"POINT (21.0470113 52.2942508)","9983933598",Szkoła Podstawowa nr 380 im. Jana Pawła II,,,,,,,,,,,school,,,,,,,2025-04-21,,,,,,,,,,,,,,sp380@edu.um.warszawa.pl,,,,,,,,,,,,,,"1;2",,,,,,,,,,,,,,,,,,,Szkoła Podstawowa nr 380 im. Jana Pawła II w Warszawie,,,Targówek,,,government,,,,,+48 226756303,"367486656","133615",,,,,,,,,http://szkolanakrasiczynskiej.pl/,,,,,Targówek,88
"POINT (21.0510664 52.2881537)","9984029737",Szkoła Podstawowa Zielona Szkoła w Folwarku,,,Warszawa,"988827",,,,"92",03-291,Świętego Wincentego,school,,,,,,,,,,,,,,,,,,,,,dyrektor@zielonaszkola.edu.pl,,,,,,,,,,,,,,"1;2",,,,,,,,,,,,,,,,,,,Szkoła Podstawowa Zielona Szkoła w Folwarku,,,"""Pgr Bródno"" Spółka z ograniczoną odpowiedzialnością",,,private,,,,,+48 519052505,"389855208","278191",,,,,,,,,,,,,,Targówek,89
"POINT (21.1324069 52.2594606)","7170380727",Szkoła Podstawowa Specjalna nr 131,,,,,,,,,,,school,,,,,,,,,,,,,,,,,,,,,mowstrazacka@mowstrazacka.com,,,,,,,,,,,,,,"1;2",,,,,,,,,,,,,,,,,Parent RSPO: 14321,,Szkoła Podstawowa Specjalna nr 131,,,Miasto Stołeczne Warszawa,,,government,,,,,+48 226735094,"000967498","105304",,,,,,,,,http://mowstrazacka.com,,,,,Rembertów,90
"POINT (21.1359001 52.2468891)","7171248362",Szkoła Podstawowa nr 254 im. Gen Franciszka Żymirskiego,,,,,,,,,,,school,,,,,,,,,,,,,,,,,,,,,zs74@eduwarszawa.pl,,,,,,,,,,,,,,"1;2",,,,,,,,,,,,,,,,,Parent RSPO: 73117,,Szkoła Podstawowa nr 254 im. Gen Franciszka Żymirskiego w Zespole Szkół nr 74,,,Rembertów,,,government,,,,,+48 228798018,"000801361","103940",PL9521897629,,,,,,,,https://www.zs74.pl/,,,,,Rembertów,91
"POINT (20.9679867 52.2158587)","11166866965",Szkoła Podstawowa dla Dorosłych nr 372,,,Warszawa,"918643",,,,50/54,02-353,Szczęśliwicka,school,,,,,,,,,,,,,,,,,,,,,cku2@rubikon.pl,,,,,,,,,,,,,,"1;2",,,,,,,,,,,,,,,,,Parent RSPO: 17220,,Szkoła Podstawowa dla Dorosłych nr 372 w Warszawie,,,Ochota,,,government,,,,,+48 228229895,"367397444","133534",,,,,,,,,,,,,,Ochota,92
"POINT (20.9840563 52.20718)","11166984137",Szkoła Podstawowa Specjalna nr 287 im. Józefa Polikarpa Brudzińskiego,,,,,,,,,,,school,,,,,,,,,,,,,,,,,,,,,sp287@edu.um.warszawa.pl,,,,,,,,,,,,,,"1;2",,,,,,,,,,,,,,,,,,,Szkoła Podstawowa w Dziecięcym Szpitalu Klinicznym im. Józefa Polikarpa Brudzińskiego Specjalna nr 287,,,Miasto Stołeczne Warszawa,,,government,,,,,+48 223179405,"016270454","105405",,,,,,,,,https://sps287.edu.pl/,,,,,Ochota,93
"POINT (20.9818518 52.2193884)","11166985128",Szkoła Podstawowa nr 174,,,,,,,,,,,school,,,,,,,,,,,,,,,,,,,,,dyrektor@barskaorione.pl,,,,,,,,,,,,,,"1;2",,,,,,,,,,,,,,,,,Parent RSPO: 81773,,Szkoła Podstawowa nr 174 Małe Dzieło Boskiej Opatrzności - Orioniści,,,Zgromadzenie Zakonne Małe Dzieło Boskiej Opatrzności - Orioniści Prowincja Polska,,,religious,,,,,+48 228220280,"146441679","103820",,,,,,,,,http://barskaorione.pl,,,,,Ochota,94
"POINT (21.001477 52.2224221)","11167015767",Szkoła Podstawowa Specjalna nr 302,,,,,,,,,,,school,,,,,,,,,,,,,,,,,,,,,sp302@edu.um.warszawa.pl,,,,,,,,,,,,,,"1;2",,,,,,,,,,,,,,,,,,,Szkoła Podstawowa w Mazowieckim Centrum Neuropsychiatrii Specjalna nr 302,,,Miasto Stołeczne Warszawa,,,government,,,,,+48 224682422,"012439749","14785",PL5213090478,,,,,,,,,,,,,Ochota,95
"POINT (20.9322197 52.2836689)","2360803447",Szkoła Podstawowa nr 370,,,Warszawa,"988804",,,,"2",01-910,Lwa Tołstoja,school,,,,,,,,,,,,,,,,,,,,,sekretariat@gorski.edu.pl,,,,,,,,,,,,,,"1;2",,,,,,,,,,,,,,,,,Parent RSPO: 23488,,Szkoła Podstawowa nr 370,,,Bielany,,,government,,,,,+48 228359558,"367529029","133678",,,,,,,,,http://www.gorski.edu.pl,,,,,Bielany,96
"POINT (20.9504709 52.287287)","7171378775",Szkoła Podstawowa Specjalna nr 346 w Szpitalu Bielańskim im. ks. Jerzego Popiełuszki w SPZOZ,,,,,,,,,,,school,,,,,,,,,,,,,,,,,,,,,sp346@edu.um.warszawa.pl,,,,,,,,,,,,,,"1;2",,,,,,,,,,,,,,,,,,,Szkoła Podstawowa Specjalna Nr 346 w Szpitalu Bielańskim im. Ks. Jerzego Popiełuszki,,,Miasto Stołeczne Warszawa,,,government,,,,,+48 228343007,"012747586","105417",,,,,,,,,https://sp346.prv.pl/,,,,,Bielany,97
"POINT (20.927765 52.2707127)","10237735371",Niepubliczna Szkoła Podstawowa,,,,,,,,,,,school,,,,,,,,,,,,,,,,,,,,,los13@los13.edu.pl,,,,,,,,,,,,,,"1;2",,,,,,,,,,,,,,,,,,,Niepubliczna Szkoła Podstawowa,,,Bartosz Przygoda,,,private,,,,,+48 226690332,"362290871","128471",,,,,,,,,,,,,,Bielany,98
"POINT (20.9211125 52.3124999)","10237753046",Katolicka Szkoła Podstawowa nr 109 Fundacji Na Rzecz Rodziny,,,Warszawa,"988804",,,,1/3,01-938,Kazimierza Wóycickiego,school,,,,,,,,,,,,,,,,,,,,,ksp.mlociny@fnrr.pl,,,,,,,,,,,,,,"1;2",,,,,,,,,,,,,,,,,,,Katolicka Szkoła Podstawowa nr 109 Fundacji Na Rzecz Rodziny im. Św. Rodziny,,,Fundacja Na Rzecz Rodziny,,,ngo,,,,,+48 228354104,"146377622","31811",PL9512153154,,,,,,,,http://www.ksp109.waw.pl,,,,,Bielany,99
"POINT (20.9393676 52.2843837)","10243210212",Społeczna Szkoła Podstawowa Integracyjna nr 100 Społecznego Towarzystwa Oświatowego,,,,,,,,,,,school,,,,,,,,,,,,,,,,,,,,,sekretariat@jaskolka100.org,,,,,,,,,,,,,,"1;2",,,,,,,,,,,,,,,,,,,Społeczna Szkoła Podstawowa Integracyjna nr 100 Społecznego Towarzystwa Oświatowego,,,Samodzielne Koło Terenowe Nr 232 Społecznego Towarzystwa Oświatowego,,,ngo,,,,,+48 228657455,"146368907","31797",PL1181895218,,,,,,,,https://www.jaskolka100.org/,,,,,Bielany,100
"POINT (20.9684678 52.2755351)","10243228307",Szkoła Podstawowa nr 86,,,,,,,,,,,school,,,,,,,2024-03-09,,,,,,,,,,,,,,sp86@skie.pl,,,,,,,,,,,,,,"1;2",,,,,,,,,,,,,,,,,,,Szkoła Podstawowa nr 86 Stowarzyszenia Kultury i Edukacji,,,Stowarzyszenie Kultury i Edukacji,,,ngo,,,,,+48 228388926,"146355388","34222",PL5271045997,,,,,,,,https://www.skie.pl/,,,,,Bielany,101
"POINT (20.9629435 52.2798608)","10243294287",Szkoła Podstawowa Niepubliczna nr 74,,,Warszawa,"988804",,,,"31",01-698,Władysława Smoleńskiego,school,,,,,,,,,,,,,,,,,,,,,szkola@smolenskiego.edu.pl,,,,,,,,,,,,,,"1;2",,,,,,,,,,,,,,,,,,,Szkoła Podstawowa Niepubliczna nr 74 im. Błogosławionego Honorata Koźmińskiego,,,Zgromadzenie Sióstr Najświętszego Imienia Jezus Pod Opieką Maryi Panny Wspomożenia Wiernych,,,religious,,,,,+48 228322707,"146368882","29951",PL1181538168,,,,,,,,https://smolenskiego.edu.pl/,,,,,Bielany,102
"POINT (20.9442445 52.2793891)","10243401074",Niepubliczna Szkoła Podstawowa Fundacji Scolar,,,,,,,,,,,school,,,,,,,,,,,,,,,,,,,,,szkola@scolar.pl,,,,,,,,,,,,,,"1;2",,,,,,,,,,,,,,,,,,,Niepubliczna Szkoła Podstawowa Fundacji Scolar,,,Fundacja Scolar,,,ngo,,,,,+48 228484324,"365563714","132354",,,,,,,,,,,,,,Bielany,103
"POINT (20.9391401 52.27591)","10245484006",Szkoła Podstawowa Specjalna nr 347,,,,,,,,,,,school,,,,,,,,,,,,,,,,,,,,,zpow@zpow.eu,,,,,,,,,,,,,,"1;2",,,,,,,,,,,,,,,,,Parent RSPO: 105295,,Szkoła Podstawowa Specjalna nr 347 w Młodzieżowym Ośrodku Socjoterapii nr 4 w Zespole Placówek Opiekuńczo-Wychowawczych,,,Miasto Stołeczne Warszawa,,,government,,,,,+48 228348684,"015858056","106323",,,,,,,,,http://zpow.eu,,,,,Bielany,104
"POINT (20.9639921 52.3362566)","1765495559","Niepubliczna Szkoła Podstawowa ""Inspiracja""",,,,,,,,,,,school,,,,,,,,,,,,http://szkola.inspiracjaedu.pl/,,,,,,,,,m.nowak@inspiracja-edu.pl,,,,,,,,,,,,,,"1;2",,,,,,,,,,,,,,,,,,,"Niepubliczna Szkoła Podstawowa ""Inspiracja""",,,Inspiracja Edukacja Spółka Akcyjna,,,private,,,,,+48 500112116,"146333671","24960",,,,,,,,,https://inspiracja-edu.pl/,,,,,Białołęka,105
"POINT (20.9438306 52.3310972)","9139841305",Szkoła Podstawowa z Oddziałami Integracyjnymi nr 342 im. Jana Marcina Szancera,,,Warszawa,"988796",,,,21A,03-138,Strumykowa,school,,,,,,,,,,,,,,,,,,,,,sekretariat@sp342.waw.pl,,,,,,,,,,,,,,"1;2",,,,,,,,,,,,,,,,,Children RSPO: 125045,,Szkoła Podstawowa z Oddziałami Integracyjnymi nr 342 im. Jana Marcina Szancera,,,Białołęka,,,government,,,,,+48 226765380,"011096520","110254",PL5242277653,,,,,,,,https://www.sp342.waw.pl/,,,,,Białołęka,106
"POINT (20.9376869 52.3243104)","10222377259","Niepubliczna Terapeutyczna Szkoła Podstawowa ""Dobry Start""Z Oddziałami Przedszkolnymi",,,Warszawa,"988796",,,,1a,03-140,Odkryta,school,,,,,,,,,,,,,,,,,,,,,d.przycki@kajkosz.pl,,,,,,,,,,,,,,"1;2",,,,,,,,,,,,,,,,,,,"Niepubliczna Terapeutyczna Szkoła Podstawowa ""Dobry Start""Z Oddziałami Przedszkolnymi",,,Dobry Start Spółka z ograniczoną odpowiedzialnością,,,private,,,,,+48 737164783,"381958713","269995",,,,,,,,,,,,,,Białołęka,107
"POINT (21.0090166 52.3338471)","10236335516",Szkoła Podstawowa dla Dorosłych,,,,,,,,,,,school,,,,,,,,,,,,,,,,,,,,,cku_warszawa@sw.gov.pl,,,,,,,,,,,,,,"1;2",,,,,,,,,,,,,,,,,Parent RSPO: 3971,,Szkoła Podstawowa dla Dorosłych,,,Ministerstwo Sprawiedliwości,,,government,,,,,+48 223217633,"146317790","20171",,,,,,,,,,,,,,Białołęka,108
"POINT (20.9754383 52.3542763)","10236355155","Polsko-Angielska Szkoła Podstawowa Mentis ""Piwoniowa""",,,,,,,,,,,school,,,,,,,,,,,,,,,,,,,,,biuro@szkola-mentis.edu.pl,,,,,,,,,,,,,,"1;2",,,,,,,,,,,,,,,,,,,"Polsko-Angielska Szkoła Podstawowa Mentis ""Piwoniowa""",,,Fundacja Mentis,,,ngo,,,,,+48 693010200,"147009487","121188",,,,,,,,,,,,,,Białołęka,109
"POINT (20.9131882 52.2258774)","1022076954",Szkoła Podstawowa z Oddziałami Integracyjnymi nr 301 im. Janusza Korczaka,,,Warszawa,"988780",,,,"18",01-384,Brygadzistów,school,,,,,,,,,,,,,,,,,,,,,sekretariat@zsp2.pl,,,,,,,,,,,,,,"1;2",,,,,,,,,,,,,,,,,Parent RSPO: 15234,,Szkoła Podstawowa z Oddziałami Integracyjnymi nr 301 im. Janusza Korczaka,,,Urząd Dzielnicy Bemowo M.st.warszawy,,,government,,,,,+48 226649246,"015852591","63416",PL5222396805,,,,,,,,http://www.zsp2.edupage.org,,,,,Bemowo,110
"POINT (20.9114594 52.2344615)","4225083391",Szkoła Podstawowa nr 24 Społecznego Towarzystwa Oświatowego,,,Warszawa,"988780",,,,67a,01-355,Powstańców Śląskich,school,,,,,,,,,,,,,,,,,,,,,sekretariat@sp24sto.edu.pl,,,,,,,,,,,,,,"1;2",,,,,,,,,,,,,,,,,Parent RSPO: 121719,,Szkoła Podstawowa nr 24 Społecznego Towarzystwa Oświatowego,,,Samodzielne Koło Terenowe Nr 69 Społecznego Towarzystwa Oświatowego,,,ngo,,,,,+48 226659242,"146337522","25035",,,,,,,,,https://www.stonabemowie.edu.pl/,,,,,Bemowo,111
"POINT (20.901424 52.2360351)","9124662859",Szkoła Podstawowa nr 316 im. Astrid Lindgren,,,Warszawa,"988780",,,,1/3,01-318,Stanisława Szobera,school,,,,,,,,,,,,,,,,,,,,,sp316@edu.um.warszawa.pl,,,"226646207",,,,,,,,,,,"1;2",,,,,,,,,,,,,,,,,Parent RSPO: 118554,,Szkoła Podstawowa nr 316 im. Astrid Lindgren,,,Urząd Dzielnicy Bemowo M.st.warszawy,,,government,,,,,+48 226646207,"001061009","16899",PL5222405177,,,,,,,,https://zsp6waw.szkolnastrona.pl/sp/,,,,,Bemowo,112
"POINT (20.8953487 52.228821)","10575114587",Niepubliczna Szkoła Podstawowa Gaudeamus,,,Warszawa,"988780",,,,"67",01-314,Lazurowa,school,,,,,,,2025-01-26,,,,,,,,,,,,,,bemowo@szkola-gaudeamus.pl,,,,,,,,,,,,,,"1;2",,,,,,,,,,,,,,,,,,,Niepubliczna Szkoła Podstawowa Gaudeamus,,,Przedszkola Pomarańczowa Ciuchcia Spółka Z Ograniczoną Odpowiedzialnością,,,private,,,,,+48 733363303,"146373742","53028",,,,,,,,,https://www.pomaranczowa-ciuchcia.pl/,,,,,Bemowo,113
